{
    "codeGeeX_ELRM.json": [
        0.05372849659117709,
        0.06704226838163331,
        0.026658376817028855,
        0.6166025991004304,
        0.07730551756939454,
        0.1135935489027116,
        1.0,
        0.032709344708772174,
        0.7598356856515925,
        0.1387649435650926,
        0.8070557274927981,
        0.009444898173424886,
        0.03575297164449809,
        0.6488462513318105,
        0.0428361950754725,
        0.7016879391277372,
        0.4394110961620203,
        0.039281465090051315,
        0.04740604259878138,
        0.025098621243978974,
        0.5623413251903491,
        0.007939087147543497,
        0.9048374180359595,
        0.11362193664674995,
        0.0439891724758422,
        0.1744391898986843,
        0.5133450480401704,
        0.02434178296655151,
        0.6166025991004304,
        0.10798033448421628,
        1.0,
        0.023103257620595934,
        0.7598356856515925,
        0.15094258117090345,
        0.6652049901111008,
        0.24510628613969887,
        0.1277566936460511,
        0.024088562704853513,
        0.0428361950754725,
        0.7016879391277372,
        0.05314049749131566,
        1.0,
        0.13512001548070346,
        0.7408182206817179,
        0.7016879391277372,
        0.24028114141347542,
        0.07583235673413397,
        0.8187307530779819,
        1.0,
        0.036787632499277766,
        0.7598356856515925,
        0.13512001548070346,
        0.8070557274927981,
        0.21928478174978597,
        0.3634231173335286,
        0.30130404892785684,
        0.7016879391277372,
        0.08991396351259592,
        0.5623413251903491,
        0.6115380576901023,
        0.13512001548070346,
        0.12209471671615688,
        0.8187307530779819,
        0.06985342056580097,
        1.0,
        0.1495348781221221,
        0.13512001548070346,
        0.5731224484094262,
        0.7016879391277372,
        0.11668694360677034,
        0.040824829046386304,
        0.7071067811865475,
        0.021105340631872645
    ],
    "copilot_ELRM.json": [
        0.858206426232305,
        0.03391326091030751,
        0.051424016050282635,
        0.01757079221363004,
        0.19911090711722287,
        0.07730551756939454,
        0.25271148634948987,
        0.33680209563129027,
        0.10445522730720382,
        0.17910771003824177,
        0.5261002868050687,
        0.12005652847322348,
        0.6652049901111008,
        0.011354092273667685,
        0.23684767130057965,
        0.038233014078303,
        0.07583235673413397,
        0.7016879391277372,
        0.16156345887749107,
        0.18575057999133598,
        0.784757484773875,
        0.0439891724758422,
        0.05809334108283256,
        0.3446073377034663,
        0.09507244120026236,
        0.45723134461864345,
        0.11362193664674995,
        0.0439891724758422,
        0.8173770227872369,
        0.1685324060991242,
        0.04071220775553065,
        0.01757079221363004,
        0.024449972325632244,
        0.07730551756939454,
        0.25271148634948987,
        0.33680209563129027,
        0.10445522730720382,
        0.17910771003824177,
        0.5261002868050687,
        0.14356222678617261,
        0.6652049901111008,
        0.011354092273667685,
        0.21931172519140546,
        0.038233014078303,
        0.07583235673413397,
        0.7016879391277372,
        0.08876856613382532,
        0.18575057999133598,
        0.784757484773875,
        0.0439891724758422,
        0.05809334108283256,
        0.5232177102432634,
        0.09507244120026236,
        0.45723134461864345,
        0.11362193664674995,
        0.0439891724758422,
        0.887015102729059,
        0.039281465090051315,
        0.051424016050282635,
        0.8187307530779819,
        0.07730551756939454,
        0.10445522730720382,
        0.0342347495586902,
        0.6223329772884784,
        0.13577277135283372,
        1.0,
        0.011354092273667685,
        0.038233014078303,
        0.022872196013470604,
        0.7016879391277372,
        0.041490709307038166,
        0.784757484773875,
        0.05809334108283256,
        0.03655552228545124,
        0.35814691783065444,
        0.0439891724758422,
        0.12209471671615688,
        0.020448007360218394,
        0.04071220775553065,
        0.8187307530779819,
        0.06985342056580097,
        0.10445522730720382,
        0.1495348781221221,
        0.11418215551856849,
        0.022872196013470604,
        0.7016879391277372,
        0.01737720878556081,
        0.05809334108283256,
        0.03303164318013808,
        0.5232177102432634,
        0.0439891724758422
    ],
    "cursor_ELRM.json": [
        0.12209471671615688,
        0.3898799151050895,
        0.035025412310639735,
        0.1535259783865636,
        0.1892240568795935,
        0.6166025991004304,
        0.06985342056580097,
        0.5623413251903491,
        0.6580370064762462,
        1.0,
        0.1495348781221221,
        0.4089601472043678,
        0.08783602619713961,
        0.043472087194499145,
        0.1495348781221221,
        0.2281399713503153,
        0.4556085305429158,
        0.07936880926086218,
        0.7016879391277372,
        0.04222733690442041,
        0.1477219991186121,
        0.38869402691011407,
        0.05773502691896258,
        0.04231178541610579,
        0.5623413251903491,
        0.4686670913916292,
        0.028556529017323657,
        0.06389431042462725,
        0.6407117598241614,
        0.557853798004205,
        0.05372849659117709,
        0.3898799151050895,
        0.035025412310639735,
        0.1535259783865636,
        0.5142401605028263,
        0.6166025991004304,
        0.06985342056580097,
        0.5623413251903491,
        0.6580370064762462,
        1.0,
        0.1495348781221221,
        0.346697783111003,
        0.08783602619713961,
        0.043472087194499145,
        0.1495348781221221,
        0.2281399713503153,
        0.5355617817349033,
        0.07936880926086218,
        0.7016879391277372,
        0.041002049216418215,
        0.1477219991186121,
        0.38869402691011407,
        0.05773502691896258,
        0.03295245161521244,
        0.13512001548070346,
        0.4686670913916292,
        0.02338010850764664,
        0.06389431042462725,
        0.7016879391277372,
        0.557853798004205,
        0.12209471671615688,
        0.035025412310639735,
        0.1535259783865636,
        0.8187307530779819,
        0.06985342056580097,
        1.0,
        0.1495348781221221,
        0.8184522753692385,
        0.08783602619713961,
        0.07071067811865477,
        0.1495348781221221,
        0.4556085305429158,
        0.05637560315259291,
        0.7016879391277372,
        0.04222733690442041,
        0.38869402691011407,
        0.062425357566781164,
        0.5623413251903491,
        0.4686670913916292,
        0.12209471671615688,
        0.035025412310639735,
        0.1535259783865636,
        0.8187307530779819,
        0.06985342056580097,
        1.0,
        0.1495348781221221,
        0.08783602619713961,
        0.05637560315259291,
        0.7016879391277372,
        0.041002049216418215,
        0.062425357566781164,
        0.13512001548070346,
        0.4686670913916292
    ],