{
    "codeGeeX_CodeBLEU.json": [
        0.2534535665810567,
        0.28125,
        0.25783191831347846,
        0.2882212407517606,
        0.5802902948472172,
        0.3155569704493109,
        0.5713177112773744,
        0.22034466929320629,
        0.2850026489497567,
        0.4188352685431851,
        0.02889362860071963,
        0.6287749810965785,
        0.23510567548312816,
        0.4114783503829422,
        0.1904450666834682,
        0.029544815676439497,
        0.28125,
        0.2577004505217141
    ],
    "copilot_CodeBLEU.json": [
        0.4310114163821857,
        0.28125,
        0.22034466929320629,
        0.1490209063929805,
        0.4188352685431851,
        0.27898783944256944,
        0.5713177112773744,
        0.25782107647277475,
        0.28125,
        0.22034466929320629,
        0.1490209063929805,
        0.4188352685431851,
        0.27898783944256944,
        0.5713177112773744,
        0.2465168595457246,
        0.28125,
        0.21070631998106282,
        0.3601171393848235,
        0.27898783944256944,
        0.029544815676439497,
        0.28125,
        0.2577004505217141
    ],
    "cursor_CodeBLEU.json": [
        0.029544815676439497,
        0.28125,
        0.19945206370628948,
        0.2577004505217141,
        0.3482461117248379,
        0.3775976521331489,
        0.6287749810965785,
        0.2534535665810567,
        0.28125,
        0.19945206370628948,
        0.2577004505217141,
        0.3482461117248379,
        0.4560703614768977,
        0.6287749810965785,
        0.029544815676439497,
        0.28125,
        0.2577004505217141,
        0.3138464254277185,
        0.3775976521331489,
        0.029544815676439497,
        0.28125,
        0.2577004505217141
    ],
    "DeepSeekCoder_CodeBLEU.json": [
        0.25569769264648484,
        0.28125,
        0.3777094988078065,
        0.07556859991211812,
        0.3214285714285714,
        0.09053521620723522,
        0.4503735948963839,
        0.25552643895021493,
        0.28125,
        0.19945206370628948,
        0.07588542994401938,
        0.3214285714285714,
        0.2542354549737107,
        0.42961046736106356,
        0.25569769264648484,
        0.25,
        0.07556859991211812,
        0.25490811573318634,
        0.029544815676439497,
        0.28125,
        0.2577004505217141
    ]
}