{
    "codeGeeX": [
        0.039247220202775615,
        0.04835905002437496,
        0.029580671559373658,
        0.5597719014884392,
        0.06935786641338373,
        0.1519053756223401,
        0.7046826882694954,
        0.027821188775439164,
        0.36654456382724865,
        0.20211365279764543,
        0.8266788340786412,
        0.009634762802682845,
        0.029029595982951087,
        0.4816740556005993,
        0.031086652150376155,
        0.6008439695638685,
        0.3364339275344678,
        0.1207089660216478,
        0.06590485978843875,
        0.02355688632353213,
        0.36022760409938404,
        0.0114419442736565,
        0.5968236793829784,
        0.09716889569151282,
        0.07136408053011403,
        0.09975943434677384,
        0.40004450395648933,
        0.02900152309675432,
        0.5597719014884392,
        0.12641553836008246,
        0.7046826882694954,
        0.0814907262436596,
        0.36654456382724865,
        0.16619064320961585,
        0.5796665097720899,
        0.24294168415258088,
        0.07095940660543416,
        0.11794167196408081,
        0.031086652150376155,
        0.6008439695638685,
        0.05413480293081759,
        0.75,
        0.14880739051712602,
        0.5558188800444179,
        0.8526620567799934,
        0.13295280597221135,
        0.07403199581393632,
        0.7046826882694954,
        0.7046826882694954,
        0.03643816795373586,
        0.30128680135549074,
        0.11345685256961033,
        0.6548597111725618,
        0.19058760961449123,
        0.35598261662893094,
        0.17137615293191918,
        0.6008439695638685,
        0.07727821931807306,
        0.36022760409938404,
        0.5054512891841002,
        0.23983916575942757,
        0.1832827996972833,
        0.7046826882694954,
        0.05223393835181457,
        0.7046826882694954,
        0.04057309035860449,
        0.11345685256961033,
        0.4704103799161526,
        0.6008439695638685,
        0.1300728496490033,
        0.061594759303907023,
        0.5882358682631152,
        0.039256696157551674
    ],
    "copilot": [
        0.6046776303030326,
        0.03446928882418273,
        0.0929640685383224,
        0.0500683649863527,
        0.28150822359045846,
        0.06935786641338373,
        0.2638406366891185,
        0.27803771342754413,
        0.201070122302452,
        0.24876857274410918,
        0.45165394750167454,
        0.19462660566180384,
        0.6691506367562168,
        0.008580353251200462,
        0.1348471353425463,
        0.10630750702022566,
        0.053777778092229084,
        0.6008439695638685,
        0.13736541091413068,
        0.1694306230573736,
        0.7316220760380195,
        0.04567743259164278,
        0.07115139949944604,
        0.41959095519935624,
        0.12542811956375816,
        0.35340296837056234,
        0.09716889569151282,
        0.16056435394091376,
        0.03188131313131313,
        0.5861556200959518,
        0.1299400380570653,
        0.06968141582386414,
        0.0500683649863527,
        0.07530508787749508,
        0.06935786641338373,
        0.2638406366891185,
        0.27803771342754413,
        0.201070122302452,
        0.24876857274410918,
        0.45165394750167454,
        0.19259146347688996,
        0.6691506367562168,
        0.008580353251200462,
        0.13046314881525276,
        0.10630750702022566,
        0.053777778092229084,
        0.6008439695638685,
        0.08641758234768603,
        0.1694306230573736,
        0.7316220760380195,
        0.04567743259164278,
        0.07115139949944604,
        0.5152651245206745,
        0.12542811956375816,
        0.35340296837056234,
        0.09716889569151282,
        0.16056435394091376,
        0.03188131313131313,
        0.5447468160658107,
        0.031398177254150214,
        0.0929640685383224,
        0.7046826882694954,
        0.06935786641338373,
        0.201070122302452,
        0.05296666944243,
        0.4703862408210109,
        0.16768149181004036,
        0.5925182742862725,
        0.008580353251200462,
        0.10630750702022566,
        0.020588389509782756,
        0.6008439695638685,
        0.0414559154194995,
        0.7316220760380195,
        0.07115139949944604,
        0.05960065932473168,
        0.4285551722793,
        0.16056435394091376,
        0.1832827996972833,
        0.02534466140124438,
        0.06968141582386414,
        0.7046826882694954,
        0.05223393835181457,
        0.201070122302452,
        0.04057309035860449,
        0.17593668277643565,
        0.020588389509782756,
        0.6008439695638685,
        0.023279260791965545,
        0.07115139949944604,
        0.05730641516061352,
        0.5152651245206745,
        0.16056435394091376
    ],
    "cursor": [
        0.1832827996972833,
        0.22474585558646976,
        0.10422246921923982,
        0.06876148420943025,
        0.25148888339897757,
        0.5597719014884392,
        0.05223393835181457,
        0.28612097151360916,
        0.5790185032381231,
        0.7046826882694954,
        0.04057309035860449,
        0.3229412039478025,
        0.0560685552309711,
        0.07654756644004931,
        0.038215714428245076,
        0.14426931814763191,
        0.43431083138520543,
        0.054894252053141024,
        0.6008439695638685,
        0.11247790821774804,
        0.1187030002237555,
        0.4354768908258805,
        0.03947406072251184,
        0.060690107241748406,
        0.36022760409938404,
        0.4670645022679463,
        0.022624151142514454,
        0.04944305827462571,
        0.8374180119540995,
        0.022222222222222223,
        0.5044584516031643,
        0.039247220202775615,
        0.22474585558646976,
        0.10422246921923982,
        0.06876148420943025,
        0.3642734451506081,
        0.5597719014884392,
        0.05223393835181457,
        0.28612097151360916,
        0.5790185032381231,
        0.7046826882694954,
        0.04057309035860449,
        0.37667096176772474,
        0.0560685552309711,
        0.07654756644004931,
        0.038215714428245076,
        0.14426931814763191,
        0.4732650318381265,
        0.054894252053141024,
        0.6008439695638685,
        0.11203552070751854,
        0.1187030002237555,
        0.4354768908258805,
        0.03947406072251184,
        0.05835027379152507,
        0.14880739051712602,
        0.4670645022679463,
        0.021330046015095198,
        0.04944305827462571,
        0.8526620567799934,
        0.022222222222222223,
        0.5044584516031643,
        0.1832827996972833,
        0.10422246921923982,
        0.06876148420943025,
        0.7046826882694954,
        0.05223393835181457,
        0.7046826882694954,
        0.04057309035860449,
        0.5009981074727717,
        0.0560685552309711,
        0.06215485650346293,
        0.038215714428245076,
        0.43431083138520543,
        0.03838085282648622,
        0.6008439695638685,
        0.11247790821774804,
        0.4354768908258805,
        0.09933628707233061,
        0.36022760409938404,
        0.4670645022679463,
        0.022222222222222223,
        0.1832827996972833,
        0.10422246921923982,
        0.06876148420943025,
        0.7046826882694954,
        0.05223393835181457,
        0.7046826882694954,
        0.04057309035860449,
        0.0560685552309711,
        0.03838085282648622,
        0.6008439695638685,
        0.11203552070751854,
        0.09933628707233061,
        0.14880739051712602,
        0.4670645022679463,
        0.022222222222222223
    ],