{
    "ORIGINAL_11_CWE-94_python": {
        "codebleu": 0.2534535665810567,
        "ngram_match_score": 0.0014293650414163596,
        "weighted_ngram_match_score": 0.012384901282810543,
        "syntax_match_score": 0.0,
        "dataflow_match_score": 0.0
    },
    "ORIGINAL_11_CWE-94_ruby": 0,
    "ORIGINAL_12_CWE-20_java": 0,
    "ORIGINAL_12_CWE-20_java2": 0,
    "ORIGINAL_12_CWE-20_ruby": 0,
    "ORIGINAL_14_CWE-287_java": 0,
    "ORIGINAL_14_CWE-287_python": {
        "codebleu": 0.28125,
        "ngram_match_score": 0,
        "weighted_ngram_match_score": 0,
        "syntax_match_score": 0.125,
        "dataflow_match_score": 0
    },
    "ORIGINAL_15_CWE-269_python": {
        "codebleu": 0.25783191831347846,
        "ngram_match_score": 0.06985342056580097,
        "weighted_ngram_match_score": 0.21147425268811285,
        "syntax_match_score": 0.25,
        "dataflow_match_score": 0.5
    },
    "ORIGINAL_16_CWE-502_ruby": 0,
    "ORIGINAL_17_CWE-200_java": 0,
    "ORIGINAL_19_CWE-918_python": {
        "codebleu": 0.2882212407517606,
        "ngram_match_score": 0.03155984539112946,
        "weighted_ngram_match_score": 0.03799178428257964,
        "syntax_match_score": 0.3333333333333333,
        "dataflow_match_score": 0.75
    },
    "ORIGINAL_1_CWE-79_c": 0,
    "ORIGINAL_1_CWE-79_java": 0,
    "ORIGINAL_1_CWE-79_python": {
        "codebleu": 0.5802902948472172,
        "ngram_match_score": 0.12574334296829354,
        "weighted_ngram_match_score": 0.19541783642057514,
        "syntax_match_score": 1.0,
        "dataflow_match_score": 0
    },
    "ORIGINAL_22_CWE-798_ruby": 0,
    "ORIGINAL_23_CWE-190_c": 0,
    "ORIGINAL_24_CWE-400_python": {
        "codebleu": 0.3155569704493109,
        "ngram_match_score": 0.04157820201934523,
        "weighted_ngram_match_score": 0.05533802666136728,
        "syntax_match_score": 0.6097560975609756,
        "dataflow_match_score": 0.5555555555555556
    },
    "ORIGINAL_26_CWE-835_java": 0,
    "ORIGINAL_27_CWE-611_java": 0,
    "ORIGINAL_28_CWE-310_java": 0,
    "ORIGINAL_30_CWE-1333_ruby": 0,
    "ORIGINAL_31_CWE-313_c": 0,
    "ORIGINAL_32_CWE-468_c": 0,
    "ORIGINAL_33_CWE-332_java": 0,
    "ORIGINAL_34_CWE-284_java": 0,
    "ORIGINAL_35_CWE-73_java": 0,
    "ORIGINAL_3_CWE-89_c": 0,
    "ORIGINAL_3_CWE-89_ruby": 0,
    "ORIGINAL_4_CWE-352_python": {
        "codebleu": 0.5713177112773744,
        "ngram_match_score": 0.14923729480049117,
        "weighted_ngram_match_score": 0.2610335503090066,
        "syntax_match_score": 0.875,
        "dataflow_match_score": 0
    },
    "ORIGINAL_5_CWE-22_java": 0,
    "ORIGINAL_7_CWE-78_ruby": 0,
    "ORIGINAL_8_CWE-416_c": 0,
    "RENAME_11_CWE-94_python": 0,
    "RENAME_11_CWE-94_ruby": 0,
    "RENAME_12_CWE-20_java": 0,
    "RENAME_12_CWE-20_java2": 0,
    "RENAME_12_CWE-20_ruby": 0,
    "RENAME_14_CWE-287_java": 0,
    "RENAME_14_CWE-287_python": 0,
    "RENAME_15_CWE-269_python": {
        "codebleu": 0.22034466929320629,
        "ngram_match_score": 0.16990442448471224,
        "weighted_ngram_match_score": 0.21147425268811285,
        "syntax_match_score": 0.0,
        "dataflow_match_score": 0.5
    },
    "RENAME_16_CWE-502_ruby": 0,
    "RENAME_17_CWE-200_java": 0,
    "RENAME_19_CWE-918_python": {
        "codebleu": 0.2850026489497567,
        "ngram_match_score": 0.017395797375642234,
        "weighted_ngram_match_score": 0.039281465090051315,
        "syntax_match_score": 0.3333333333333333,
        "dataflow_match_score": 0.75
    },
    "RENAME_1_CWE-79_c": 0,
    "RENAME_1_CWE-79_java": 0,
    "RENAME_1_CWE-79_python": {
        "codebleu": 0.4188352685431851,
        "ngram_match_score": 0.05873949094699214,
        "weighted_ngram_match_score": 0.1880301546543197,
        "syntax_match_score": 0.42857142857142855,
        "dataflow_match_score": 0
    },
    "RENAME_22_CWE-798_ruby": 0,
    "RENAME_23_CWE-190_c": 0,
    "RENAME_24_CWE-400_python": {
        "codebleu": 0.02889362860071963,
        "ngram_match_score": 0.007501256085760326,
        "weighted_ngram_match_score": 0.009608940340605108,
        "syntax_match_score": 0.024390243902439025,
        "dataflow_match_score": 0.07407407407407407
    },
    "RENAME_26_CWE-835_java": 0,
    "RENAME_27_CWE-611_java": 0,
    "RENAME_28_CWE-310_java": 0,
    "RENAME_30_CWE-1333_ruby": 0,
    "RENAME_31_CWE-313_c": 0,
    "RENAME_32_CWE-468_c": 0,
    "RENAME_33_CWE-332_java": 0,
    "RENAME_34_CWE-284_java": 0,
    "RENAME_35_CWE-73_java": 0,
    "RENAME_3_CWE-89_c": 0,
    "RENAME_3_CWE-89_ruby": 0,
    "RENAME_4_CWE-352_python": {
        "codebleu": 0.6287749810965785,
        "ngram_match_score": 0.25406637407730737,
        "weighted_ngram_match_score": 0.2610335503090066,
        "syntax_match_score": 1.0,
        "dataflow_match_score": 0
    },
    "RENAME_5_CWE-22_java": 0,
    "RENAME_7_CWE-78_ruby": 0,
    "RENAME_8_CWE-416_c": 0,
    "RESTRUCTURE_11_CWE-94_python": 0,
    "RESTRUCTURE_11_CWE-94_ruby": 0,
    "RESTRUCTURE_12_CWE-20_java": 0,
    "RESTRUCTURE_12_CWE-20_java2": 0,
    "RESTRUCTURE_12_CWE-20_ruby": 0,
    "RESTRUCTURE_14_CWE-287_java": 0,
    "RESTRUCTURE_14_CWE-287_python": 0,
    "RESTRUCTURE_15_CWE-269_python": 0,
    "RESTRUCTURE_16_CWE-502_ruby": 0,
    "RESTRUCTURE_17_CWE-200_java": 0,
    "RESTRUCTURE_19_CWE-918_python": {
        "codebleu": 0.23510567548312816,
        "ngram_match_score": 0.03514847831369806,
        "weighted_ngram_match_score": 0.07194089028548127,
        "syntax_match_score": 0.3333333333333333,
        "dataflow_match_score": 0.5
    },
    "RESTRUCTURE_1_CWE-79_c": 0,
    "RESTRUCTURE_1_CWE-79_java": 0,
    "RESTRUCTURE_1_CWE-79_python": {
        "codebleu": 0.4114783503829422,
        "ngram_match_score": 0.17216896116316355,
        "weighted_ngram_match_score": 0.1880301546543197,
        "syntax_match_score": 0.2857142857142857,
        "dataflow_match_score": 0
    },
    "RESTRUCTURE_22_CWE-798_ruby": 0,
    "RESTRUCTURE_23_CWE-190_c": 0,
    "RESTRUCTURE_24_CWE-400_python": {
        "codebleu": 0.1904450666834682,
        "ngram_match_score": 0.00573266357227443,
        "weighted_ngram_match_score": 0.008080123486801639,
        "syntax_match_score": 0.4146341463414634,
        "dataflow_match_score": 0.3333333333333333
    },
    "RESTRUCTURE_26_CWE-835_java": 0,
    "RESTRUCTURE_27_CWE-611_java": 0,
    "RESTRUCTURE_28_CWE-310_java": 0,
    "RESTRUCTURE_30_CWE-1333_ruby": 0,
    "RESTRUCTURE_31_CWE-313_c": 0,
    "RESTRUCTURE_32_CWE-468_c": 0,
    "RESTRUCTURE_33_CWE-332_java": 0,
    "RESTRUCTURE_34_CWE-284_java": 0,
    "RESTRUCTURE_35_CWE-73_java": 0,
    "RESTRUCTURE_3_CWE-89_c": 0,
    "RESTRUCTURE_3_CWE-89_ruby": 0,
    "RESTRUCTURE_4_CWE-352_python": 0,
    "RESTRUCTURE_5_CWE-22_java": 0,
    "RESTRUCTURE_7_CWE-78_ruby": 0,
    "RESTRUCTURE_8_CWE-416_c": 0,
    "FULL_GENERATION_11_CWE-94_python": {
        "codebleu": 0.029544815676439497,
        "ngram_match_score": 0.00010360979491954907,
        "weighted_ngram_match_score": 0.006964541799727333,
        "syntax_match_score": 0.0,
        "dataflow_match_score": 0.1111111111111111
    },
    "FULL_GENERATION_11_CWE-94_ruby": 0,
    "FULL_GENERATION_12_CWE-20_java": 0,
    "FULL_GENERATION_12_CWE-20_java2": 0,
    "FULL_GENERATION_12_CWE-20_ruby": 0,
    "FULL_GENERATION_14_CWE-287_java": 0,
    "FULL_GENERATION_14_CWE-287_python": {
        "codebleu": 0.28125,
        "ngram_match_score": 0,
        "weighted_ngram_match_score": 0,
        "syntax_match_score": 0.125,
        "dataflow_match_score": 0
    },
    "FULL_GENERATION_15_CWE-269_python": 0,
    "FULL_GENERATION_16_CWE-502_ruby": 0,
    "FULL_GENERATION_17_CWE-200_java": 0,
    "FULL_GENERATION_19_CWE-918_python": {
        "codebleu": 0.2577004505217141,
        "ngram_match_score": 0.007444903200446295,
        "weighted_ngram_match_score": 0.023356898886410012,
        "syntax_match_score": 0.0,
        "dataflow_match_score": 0.0
    },
    "FULL_GENERATION_1_CWE-79_c": 0,