{
    "ORIGINAL_11_CWE-94_python": {
        "codebleu": 0.4310114163821857,
        "ngram_match_score": 0.09086762360714425,
        "weighted_ngram_match_score": 0.15317804192159867,
        "syntax_match_score": 0.48,
        "dataflow_match_score": 1.0
    },
    "ORIGINAL_11_CWE-94_ruby": 0,
    "ORIGINAL_12_CWE-20_java": 0,
    "ORIGINAL_12_CWE-20_java2": 0,
    "ORIGINAL_12_CWE-20_ruby": 0,
    "ORIGINAL_14_CWE-287_java": 0,
    "ORIGINAL_14_CWE-287_python": {
        "codebleu": 0.28125,
        "ngram_match_score": 0,
        "weighted_ngram_match_score": 0,
        "syntax_match_score": 0.125,
        "dataflow_match_score": 0
    },
    "ORIGINAL_15_CWE-269_python": {
        "codebleu": 0.22034466929320629,
        "ngram_match_score": 0.16990442448471224,
        "weighted_ngram_match_score": 0.21147425268811285,
        "syntax_match_score": 0.0,
        "dataflow_match_score": 0.5
    },
    "ORIGINAL_16_CWE-502_ruby": 0,
    "ORIGINAL_17_CWE-200_java": 0,
    "ORIGINAL_19_CWE-918_python": {
        "codebleu": 0.1490209063929805,
        "ngram_match_score": 0.08748468738276342,
        "weighted_ngram_match_score": 0.09193227152249185,
        "syntax_match_score": 0.16666666666666666,
        "dataflow_match_score": 0.25
    },
    "ORIGINAL_1_CWE-79_c": 0,
    "ORIGINAL_1_CWE-79_java": 0,
    "ORIGINAL_1_CWE-79_python": {
        "codebleu": 0.4188352685431851,
        "ngram_match_score": 0.05873949094699214,
        "weighted_ngram_match_score": 0.1880301546543197,
        "syntax_match_score": 0.42857142857142855,
        "dataflow_match_score": 0
    },
    "ORIGINAL_22_CWE-798_ruby": 0,
    "ORIGINAL_23_CWE-190_c": 0,
    "ORIGINAL_24_CWE-400_python": {
        "codebleu": 0.27898783944256944,
        "ngram_match_score": 0.006307779352415969,
        "weighted_ngram_match_score": 0.012082602808105787,
        "syntax_match_score": 0.0975609756097561,
        "dataflow_match_score": 0.0
    },
    "ORIGINAL_26_CWE-835_java": 0,
    "ORIGINAL_27_CWE-611_java": 0,
    "ORIGINAL_28_CWE-310_java": 0,
    "ORIGINAL_30_CWE-1333_ruby": 0,
    "ORIGINAL_31_CWE-313_c": 0,
    "ORIGINAL_32_CWE-468_c": 0,
    "ORIGINAL_33_CWE-332_java": 0,
    "ORIGINAL_34_CWE-284_java": 0,
    "ORIGINAL_35_CWE-73_java": 0,
    "ORIGINAL_3_CWE-89_c": 0,
    "ORIGINAL_3_CWE-89_ruby": 0,
    "ORIGINAL_4_CWE-352_python": {
        "codebleu": 0.5713177112773744,
        "ngram_match_score": 0.14923729480049117,
        "weighted_ngram_match_score": 0.2610335503090066,
        "syntax_match_score": 0.875,
        "dataflow_match_score": 0
    },
    "ORIGINAL_5_CWE-22_java": 0,
    "ORIGINAL_7_CWE-78_ruby": 0,
    "ORIGINAL_8_CWE-416_c": 0,
    "RENAME_11_CWE-94_python": {
        "codebleu": 0.25782107647277475,
        "ngram_match_score": 0.04283540856194567,
        "weighted_ngram_match_score": 0.07289334177359764,
        "syntax_match_score": 0.36,
        "dataflow_match_score": 0.5555555555555556
    },
    "RENAME_11_CWE-94_ruby": 0,
    "RENAME_12_CWE-20_java": 0,
    "RENAME_12_CWE-20_java2": 0,
    "RENAME_12_CWE-20_ruby": 0,
    "RENAME_14_CWE-287_java": 0,
    "RENAME_14_CWE-287_python": {
        "codebleu": 0.28125,
        "ngram_match_score": 0,
        "weighted_ngram_match_score": 0,
        "syntax_match_score": 0.125,
        "dataflow_match_score": 0
    },
    "RENAME_15_CWE-269_python": {
        "codebleu": 0.22034466929320629,
        "ngram_match_score": 0.16990442448471224,
        "weighted_ngram_match_score": 0.21147425268811285,
        "syntax_match_score": 0.0,
        "dataflow_match_score": 0.5
    },
    "RENAME_16_CWE-502_ruby": 0,
    "RENAME_17_CWE-200_java": 0,
    "RENAME_19_CWE-918_python": {
        "codebleu": 0.1490209063929805,
        "ngram_match_score": 0.08748468738276342,
        "weighted_ngram_match_score": 0.09193227152249185,
        "syntax_match_score": 0.16666666666666666,
        "dataflow_match_score": 0.25
    },
    "RENAME_1_CWE-79_c": 0,
    "RENAME_1_CWE-79_java": 0,
    "RENAME_1_CWE-79_python": {
        "codebleu": 0.4188352685431851,
        "ngram_match_score": 0.05873949094699214,
        "weighted_ngram_match_score": 0.1880301546543197,
        "syntax_match_score": 0.42857142857142855,
        "dataflow_match_score": 0
    },
    "RENAME_22_CWE-798_ruby": 0,
    "RENAME_23_CWE-190_c": 0,
    "RENAME_24_CWE-400_python": {
        "codebleu": 0.27898783944256944,
        "ngram_match_score": 0.006307779352415969,
        "weighted_ngram_match_score": 0.012082602808105787,
        "syntax_match_score": 0.0975609756097561,
        "dataflow_match_score": 0.0
    },
    "RENAME_26_CWE-835_java": 0,
    "RENAME_27_CWE-611_java": 0,
    "RENAME_28_CWE-310_java": 0,
    "RENAME_30_CWE-1333_ruby": 0,
    "RENAME_31_CWE-313_c": 0,
    "RENAME_32_CWE-468_c": 0,
    "RENAME_33_CWE-332_java": 0,
    "RENAME_34_CWE-284_java": 0,
    "RENAME_35_CWE-73_java": 0,
    "RENAME_3_CWE-89_c": 0,
    "RENAME_3_CWE-89_ruby": 0,
    "RENAME_4_CWE-352_python": {
        "codebleu": 0.5713177112773744,
        "ngram_match_score": 0.14923729480049117,
        "weighted_ngram_match_score": 0.2610335503090066,
        "syntax_match_score": 0.875,
        "dataflow_match_score": 0
    },
    "RENAME_5_CWE-22_java": 0,
    "RENAME_7_CWE-78_ruby": 0,
    "RENAME_8_CWE-416_c": 0,
    "RESTRUCTURE_11_CWE-94_python": {
        "codebleu": 0.2465168595457246,
        "ngram_match_score": 0.018968506355883385,
        "weighted_ngram_match_score": 0.05154337627145954,
        "syntax_match_score": 0.36,
        "dataflow_match_score": 0.5555555555555556
    },
    "RESTRUCTURE_11_CWE-94_ruby": 0,
    "RESTRUCTURE_12_CWE-20_java": 0,
    "RESTRUCTURE_12_CWE-20_java2": 0,
    "RESTRUCTURE_12_CWE-20_ruby": 0,
    "RESTRUCTURE_14_CWE-287_java": 0,
    "RESTRUCTURE_14_CWE-287_python": {
        "codebleu": 0.28125,
        "ngram_match_score": 0,
        "weighted_ngram_match_score": 0,
        "syntax_match_score": 0.125,
        "dataflow_match_score": 0
    },
    "RESTRUCTURE_15_CWE-269_python": 0,
    "RESTRUCTURE_16_CWE-502_ruby": 0,
    "RESTRUCTURE_17_CWE-200_java": 0,
    "RESTRUCTURE_19_CWE-918_python": {
        "codebleu": 0.21070631998106282,
        "ngram_match_score": 0.02297185935845028,
        "weighted_ngram_match_score": 0.06985342056580097,
        "syntax_match_score": 0.25,
        "dataflow_match_score": 0.5
    },
    "RESTRUCTURE_1_CWE-79_c": 0,
    "RESTRUCTURE_1_CWE-79_java": 0,
    "RESTRUCTURE_1_CWE-79_python": {
        "codebleu": 0.3601171393848235,
        "ngram_match_score": 0.05372849659117709,
        "weighted_ngram_match_score": 0.10102577523383116,
        "syntax_match_score": 0.2857142857142857,
        "dataflow_match_score": 0
    },
    "RESTRUCTURE_22_CWE-798_ruby": 0,
    "RESTRUCTURE_23_CWE-190_c": 0,
    "RESTRUCTURE_24_CWE-400_python": {
        "codebleu": 0.27898783944256944,
        "ngram_match_score": 0.006307779352415969,
        "weighted_ngram_match_score": 0.012082602808105787,
        "syntax_match_score": 0.0975609756097561,
        "dataflow_match_score": 0.0
    },
    "RESTRUCTURE_26_CWE-835_java": 0,
    "RESTRUCTURE_27_CWE-611_java": 0,
    "RESTRUCTURE_28_CWE-310_java": 0,
    "RESTRUCTURE_30_CWE-1333_ruby": 0,
    "RESTRUCTURE_31_CWE-313_c": 0,
    "RESTRUCTURE_32_CWE-468_c": 0,
    "RESTRUCTURE_33_CWE-332_java": 0,
    "RESTRUCTURE_34_CWE-284_java": 0,
    "RESTRUCTURE_35_CWE-73_java": 0,
    "RESTRUCTURE_3_CWE-89_c": 0,
    "RESTRUCTURE_3_CWE-89_ruby": 0,
    "RESTRUCTURE_4_CWE-352_python": 0,
    "RESTRUCTURE_5_CWE-22_java": 0,
    "RESTRUCTURE_7_CWE-78_ruby": 0,
    "RESTRUCTURE_8_CWE-416_c": 0,
    "FULL_GENERATION_11_CWE-94_python": {
        "codebleu": 0.029544815676439497,
        "ngram_match_score": 0.00010360979491954907,
        "weighted_ngram_match_score": 0.006964541799727333,
        "syntax_match_score": 0.0,
        "dataflow_match_score": 0.1111111111111111
    },
    "FULL_GENERATION_11_CWE-94_ruby": 0,