{
    "ORIGINAL_11_CWE-94_python": {
        "codebleu": 0.029544815676439497,
        "ngram_match_score": 0.00010360979491954907,
        "weighted_ngram_match_score": 0.006964541799727333,
        "syntax_match_score": 0.0,
        "dataflow_match_score": 0.1111111111111111
    },
    "ORIGINAL_11_CWE-94_ruby": 0,
    "ORIGINAL_12_CWE-20_java": 0,
    "ORIGINAL_12_CWE-20_java2": 0,
    "ORIGINAL_12_CWE-20_ruby": 0,
    "ORIGINAL_14_CWE-287_java": 0,
    "ORIGINAL_14_CWE-287_python": {
        "codebleu": 0.28125,
        "ngram_match_score": 0,
        "weighted_ngram_match_score": 0,
        "syntax_match_score": 0.125,
        "dataflow_match_score": 0
    },
    "ORIGINAL_15_CWE-269_python": {
        "codebleu": 0.19945206370628948,
        "ngram_match_score": 0.08633400213704504,
        "weighted_ngram_match_score": 0.21147425268811285,
        "syntax_match_score": 0.0,
        "dataflow_match_score": 0.5
    },
    "ORIGINAL_16_CWE-502_ruby": 0,
    "ORIGINAL_17_CWE-200_java": 0,
    "ORIGINAL_19_CWE-918_python": {
        "codebleu": 0.2577004505217141,
        "ngram_match_score": 0.007444903200446295,
        "weighted_ngram_match_score": 0.023356898886410012,
        "syntax_match_score": 0.0,
        "dataflow_match_score": 0.0
    },
    "ORIGINAL_1_CWE-79_c": 0,
    "ORIGINAL_1_CWE-79_java": 0,
    "ORIGINAL_1_CWE-79_python": {
        "codebleu": 0.3482461117248379,
        "ngram_match_score": 0.006244385951234721,
        "weighted_ngram_match_score": 0.10102577523383116,
        "syntax_match_score": 0.2857142857142857,
        "dataflow_match_score": 0
    },
    "ORIGINAL_22_CWE-798_ruby": 0,
    "ORIGINAL_23_CWE-190_c": 0,
    "ORIGINAL_24_CWE-400_python": {
        "codebleu": 0.3775976521331489,
        "ngram_match_score": 0.03769421453743047,
        "weighted_ngram_match_score": 0.060772274753972524,
        "syntax_match_score": 0.6341463414634146,
        "dataflow_match_score": 0.7777777777777778
    },
    "ORIGINAL_26_CWE-835_java": 0,
    "ORIGINAL_27_CWE-611_java": 0,
    "ORIGINAL_28_CWE-310_java": 0,
    "ORIGINAL_30_CWE-1333_ruby": 0,
    "ORIGINAL_31_CWE-313_c": 0,
    "ORIGINAL_32_CWE-468_c": 0,
    "ORIGINAL_33_CWE-332_java": 0,
    "ORIGINAL_34_CWE-284_java": 0,
    "ORIGINAL_35_CWE-73_java": 0,
    "ORIGINAL_3_CWE-89_c": 0,
    "ORIGINAL_3_CWE-89_ruby": 0,
    "ORIGINAL_4_CWE-352_python": {
        "codebleu": 0.6287749810965785,
        "ngram_match_score": 0.25406637407730737,
        "weighted_ngram_match_score": 0.2610335503090066,
        "syntax_match_score": 1.0,
        "dataflow_match_score": 0
    },
    "ORIGINAL_5_CWE-22_java": 0,
    "ORIGINAL_7_CWE-78_ruby": 0,
    "ORIGINAL_8_CWE-416_c": 0,
    "RENAME_11_CWE-94_python": {
        "codebleu": 0.2534535665810567,
        "ngram_match_score": 0.0014293650414163596,
        "weighted_ngram_match_score": 0.012384901282810543,
        "syntax_match_score": 0.0,
        "dataflow_match_score": 0.0
    },
    "RENAME_11_CWE-94_ruby": 0,
    "RENAME_12_CWE-20_java": 0,
    "RENAME_12_CWE-20_java2": 0,
    "RENAME_12_CWE-20_ruby": 0,
    "RENAME_14_CWE-287_java": 0,
    "RENAME_14_CWE-287_python": {
        "codebleu": 0.28125,
        "ngram_match_score": 0,
        "weighted_ngram_match_score": 0,
        "syntax_match_score": 0.125,
        "dataflow_match_score": 0
    },
    "RENAME_15_CWE-269_python": {
        "codebleu": 0.19945206370628948,
        "ngram_match_score": 0.08633400213704504,
        "weighted_ngram_match_score": 0.21147425268811285,
        "syntax_match_score": 0.0,
        "dataflow_match_score": 0.5
    },
    "RENAME_16_CWE-502_ruby": 0,
    "RENAME_17_CWE-200_java": 0,
    "RENAME_19_CWE-918_python": {
        "codebleu": 0.2577004505217141,
        "ngram_match_score": 0.007444903200446295,
        "weighted_ngram_match_score": 0.023356898886410012,
        "syntax_match_score": 0.0,
        "dataflow_match_score": 0.0
    },
    "RENAME_1_CWE-79_c": 0,
    "RENAME_1_CWE-79_java": 0,
    "RENAME_1_CWE-79_python": {
        "codebleu": 0.3482461117248379,
        "ngram_match_score": 0.006244385951234721,
        "weighted_ngram_match_score": 0.10102577523383116,
        "syntax_match_score": 0.2857142857142857,
        "dataflow_match_score": 0
    },
    "RENAME_22_CWE-798_ruby": 0,
    "RENAME_23_CWE-190_c": 0,
    "RENAME_24_CWE-400_python": {
        "codebleu": 0.4560703614768977,
        "ngram_match_score": 0.1604296101725098,
        "weighted_ngram_match_score": 0.25192771649388873,
        "syntax_match_score": 0.6341463414634146,
        "dataflow_match_score": 0.7777777777777778
    },
    "RENAME_26_CWE-835_java": 0,
    "RENAME_27_CWE-611_java": 0,
    "RENAME_28_CWE-310_java": 0,
    "RENAME_30_CWE-1333_ruby": 0,
    "RENAME_31_CWE-313_c": 0,
    "RENAME_32_CWE-468_c": 0,
    "RENAME_33_CWE-332_java": 0,
    "RENAME_34_CWE-284_java": 0,
    "RENAME_35_CWE-73_java": 0,
    "RENAME_3_CWE-89_c": 0,
    "RENAME_3_CWE-89_ruby": 0,
    "RENAME_4_CWE-352_python": {
        "codebleu": 0.6287749810965785,
        "ngram_match_score": 0.25406637407730737,
        "weighted_ngram_match_score": 0.2610335503090066,
        "syntax_match_score": 1.0,
        "dataflow_match_score": 0
    },
    "RENAME_5_CWE-22_java": 0,
    "RENAME_7_CWE-78_ruby": 0,
    "RENAME_8_CWE-416_c": 0,
    "RESTRUCTURE_11_CWE-94_python": {
        "codebleu": 0.029544815676439497,
        "ngram_match_score": 0.00010360979491954907,
        "weighted_ngram_match_score": 0.006964541799727333,
        "syntax_match_score": 0.0,
        "dataflow_match_score": 0.1111111111111111
    },
    "RESTRUCTURE_11_CWE-94_ruby": 0,
    "RESTRUCTURE_12_CWE-20_java": 0,
    "RESTRUCTURE_12_CWE-20_java2": 0,
    "RESTRUCTURE_12_CWE-20_ruby": 0,
    "RESTRUCTURE_14_CWE-287_java": 0,
    "RESTRUCTURE_14_CWE-287_python": {
        "codebleu": 0.28125,
        "ngram_match_score": 0,
        "weighted_ngram_match_score": 0,
        "syntax_match_score": 0.125,
        "dataflow_match_score": 0
    },
    "RESTRUCTURE_15_CWE-269_python": 0,
    "RESTRUCTURE_16_CWE-502_ruby": 0,
    "RESTRUCTURE_17_CWE-200_java": 0,
    "RESTRUCTURE_19_CWE-918_python": {
        "codebleu": 0.2577004505217141,
        "ngram_match_score": 0.007444903200446295,
        "weighted_ngram_match_score": 0.023356898886410012,
        "syntax_match_score": 0.0,
        "dataflow_match_score": 0.0
    },
    "RESTRUCTURE_1_CWE-79_c": 0,
    "RESTRUCTURE_1_CWE-79_java": 0,
    "RESTRUCTURE_1_CWE-79_python": {
        "codebleu": 0.3138464254277185,
        "ngram_match_score": 0.011502783619900045,
        "weighted_ngram_match_score": 0.10102577523383116,
        "syntax_match_score": 0.14285714285714285,
        "dataflow_match_score": 0
    },
    "RESTRUCTURE_22_CWE-798_ruby": 0,
    "RESTRUCTURE_23_CWE-190_c": 0,
    "RESTRUCTURE_24_CWE-400_python": {
        "codebleu": 0.3775976521331489,
        "ngram_match_score": 0.03769421453743047,
        "weighted_ngram_match_score": 0.060772274753972524,
        "syntax_match_score": 0.6341463414634146,
        "dataflow_match_score": 0.7777777777777778
    },
    "RESTRUCTURE_26_CWE-835_java": 0,
    "RESTRUCTURE_27_CWE-611_java": 0,
    "RESTRUCTURE_28_CWE-310_java": 0,
    "RESTRUCTURE_30_CWE-1333_ruby": 0,
    "RESTRUCTURE_31_CWE-313_c": 0,
    "RESTRUCTURE_32_CWE-468_c": 0,
    "RESTRUCTURE_33_CWE-332_java": 0,
    "RESTRUCTURE_34_CWE-284_java": 0,
    "RESTRUCTURE_35_CWE-73_java": 0,
    "RESTRUCTURE_3_CWE-89_c": 0,
    "RESTRUCTURE_3_CWE-89_ruby": 0,
    "RESTRUCTURE_4_CWE-352_python": 0,
    "RESTRUCTURE_5_CWE-22_java": 0,
    "RESTRUCTURE_7_CWE-78_ruby": 0,
    "RESTRUCTURE_8_CWE-416_c": 0,
    "FULL_GENERATION_11_CWE-94_python": {
        "codebleu": 0.029544815676439497,
        "ngram_match_score": 0.00010360979491954907,
        "weighted_ngram_match_score": 0.006964541799727333,
        "syntax_match_score": 0.0,
        "dataflow_match_score": 0.1111111111111111
    },
    "FULL_GENERATION_11_CWE-94_ruby": 0,